"{'Title': 'A01:2025 - Broken Access Control', 'Hrefs': 'https://owasp.org/Top10/2025/A01_2025-Broken_Access_Control/'}","{'Title': 'A02:2025 - Security Misconfiguration', 'Hrefs': 'https://owasp.org/Top10/2025/A02_2025-Security_Misconfiguration/'}","{'Title': 'A03:2025 - Software Supply Chain Failures', 'Hrefs': 'https://owasp.org/Top10/2025/A03_2025-Software_Supply_Chain_Failures/'}","{'Title': 'A04:2025 - Cryptographic Failures', 'Hrefs': 'https://owasp.org/Top10/2025/A04_2025-Cryptographic_Failures/'}","{'Title': 'A05:2025 - Injection', 'Hrefs': 'https://owasp.org/Top10/2025/A05_2025-Injection/'}","{'Title': 'A06:2025 - Insecure Design', 'Hrefs': 'https://owasp.org/Top10/2025/A06_2025-Insecure_Design/'}","{'Title': 'A07:2025 - Authentication Failures', 'Hrefs': 'https://owasp.org/Top10/2025/A07_2025-Authentication_Failures/'}","{'Title': 'A08:2025 - Software or Data Integrity Failures', 'Hrefs': 'https://owasp.org/Top10/2025/A08_2025-Software_or_Data_Integrity_Failures/'}","{'Title': 'A09:2025 - Security Logging and Alerting Failures', 'Hrefs': 'https://owasp.org/Top10/2025/A09_2025-Security_Logging_and_Alerting_Failures/'}","{'Title': 'A10:2025 - Mishandling of Exceptional Conditions', 'Hrefs': 'https://owasp.org/Top10/2025/A10_2025-Mishandling_of_Exceptional_Conditions/'}"
"{'Title': 'A01:2025 - Broken Access Control', 'Hrefs': 'https://owasp.org/Top10/2025/A01_2025-Broken_Access_Control/'}"
"{'Title': 'A01:2025 - Broken Access Control', 'Hrefs': 'https://owasp.org/Top10/2025/A01_2025-Broken_Access_Control/'}","{'Title': 'A02:2025 - Security Misconfiguration', 'Hrefs': 'https://owasp.org/Top10/2025/A02_2025-Security_Misconfiguration/'}"
"{'Title': 'A01:2025 - Broken Access Control', 'Hrefs': 'https://owasp.org/Top10/2025/A01_2025-Broken_Access_Control/'}","{'Title': 'A02:2025 - Security Misconfiguration', 'Hrefs': 'https://owasp.org/Top10/2025/A02_2025-Security_Misconfiguration/'}","{'Title': 'A03:2025 - Software Supply Chain Failures', 'Hrefs': 'https://owasp.org/Top10/2025/A03_2025-Software_Supply_Chain_Failures/'}"
"{'Title': 'A01:2025 - Broken Access Control', 'Hrefs': 'https://owasp.org/Top10/2025/A01_2025-Broken_Access_Control/'}","{'Title': 'A02:2025 - Security Misconfiguration', 'Hrefs': 'https://owasp.org/Top10/2025/A02_2025-Security_Misconfiguration/'}","{'Title': 'A03:2025 - Software Supply Chain Failures', 'Hrefs': 'https://owasp.org/Top10/2025/A03_2025-Software_Supply_Chain_Failures/'}","{'Title': 'A04:2025 - Cryptographic Failures', 'Hrefs': 'https://owasp.org/Top10/2025/A04_2025-Cryptographic_Failures/'}"
"{'Title': 'A01:2025 - Broken Access Control', 'Hrefs': 'https://owasp.org/Top10/2025/A01_2025-Broken_Access_Control/'}","{'Title': 'A02:2025 - Security Misconfiguration', 'Hrefs': 'https://owasp.org/Top10/2025/A02_2025-Security_Misconfiguration/'}","{'Title': 'A03:2025 - Software Supply Chain Failures', 'Hrefs': 'https://owasp.org/Top10/2025/A03_2025-Software_Supply_Chain_Failures/'}","{'Title': 'A04:2025 - Cryptographic Failures', 'Hrefs': 'https://owasp.org/Top10/2025/A04_2025-Cryptographic_Failures/'}","{'Title': 'A05:2025 - Injection', 'Hrefs': 'https://owasp.org/Top10/2025/A05_2025-Injection/'}"
"{'Title': 'A01:2025 - Broken Access Control', 'Hrefs': 'https://owasp.org/Top10/2025/A01_2025-Broken_Access_Control/'}","{'Title': 'A02:2025 - Security Misconfiguration', 'Hrefs': 'https://owasp.org/Top10/2025/A02_2025-Security_Misconfiguration/'}","{'Title': 'A03:2025 - Software Supply Chain Failures', 'Hrefs': 'https://owasp.org/Top10/2025/A03_2025-Software_Supply_Chain_Failures/'}","{'Title': 'A04:2025 - Cryptographic Failures', 'Hrefs': 'https://owasp.org/Top10/2025/A04_2025-Cryptographic_Failures/'}","{'Title': 'A05:2025 - Injection', 'Hrefs': 'https://owasp.org/Top10/2025/A05_2025-Injection/'}","{'Title': 'A06:2025 - Insecure Design', 'Hrefs': 'https://owasp.org/Top10/2025/A06_2025-Insecure_Design/'}"
"{'Title': 'A01:2025 - Broken Access Control', 'Hrefs': 'https://owasp.org/Top10/2025/A01_2025-Broken_Access_Control/'}","{'Title': 'A02:2025 - Security Misconfiguration', 'Hrefs': 'https://owasp.org/Top10/2025/A02_2025-Security_Misconfiguration/'}","{'Title': 'A03:2025 - Software Supply Chain Failures', 'Hrefs': 'https://owasp.org/Top10/2025/A03_2025-Software_Supply_Chain_Failures/'}","{'Title': 'A04:2025 - Cryptographic Failures', 'Hrefs': 'https://owasp.org/Top10/2025/A04_2025-Cryptographic_Failures/'}","{'Title': 'A05:2025 - Injection', 'Hrefs': 'https://owasp.org/Top10/2025/A05_2025-Injection/'}","{'Title': 'A06:2025 - Insecure Design', 'Hrefs': 'https://owasp.org/Top10/2025/A06_2025-Insecure_Design/'}","{'Title': 'A07:2025 - Authentication Failures', 'Hrefs': 'https://owasp.org/Top10/2025/A07_2025-Authentication_Failures/'}"
"{'Title': 'A01:2025 - Broken Access Control', 'Hrefs': 'https://owasp.org/Top10/2025/A01_2025-Broken_Access_Control/'}","{'Title': 'A02:2025 - Security Misconfiguration', 'Hrefs': 'https://owasp.org/Top10/2025/A02_2025-Security_Misconfiguration/'}","{'Title': 'A03:2025 - Software Supply Chain Failures', 'Hrefs': 'https://owasp.org/Top10/2025/A03_2025-Software_Supply_Chain_Failures/'}","{'Title': 'A04:2025 - Cryptographic Failures', 'Hrefs': 'https://owasp.org/Top10/2025/A04_2025-Cryptographic_Failures/'}","{'Title': 'A05:2025 - Injection', 'Hrefs': 'https://owasp.org/Top10/2025/A05_2025-Injection/'}","{'Title': 'A06:2025 - Insecure Design', 'Hrefs': 'https://owasp.org/Top10/2025/A06_2025-Insecure_Design/'}","{'Title': 'A07:2025 - Authentication Failures', 'Hrefs': 'https://owasp.org/Top10/2025/A07_2025-Authentication_Failures/'}","{'Title': 'A08:2025 - Software or Data Integrity Failures', 'Hrefs': 'https://owasp.org/Top10/2025/A08_2025-Software_or_Data_Integrity_Failures/'}"
"{'Title': 'A01:2025 - Broken Access Control', 'Hrefs': 'https://owasp.org/Top10/2025/A01_2025-Broken_Access_Control/'}","{'Title': 'A02:2025 - Security Misconfiguration', 'Hrefs': 'https://owasp.org/Top10/2025/A02_2025-Security_Misconfiguration/'}","{'Title': 'A03:2025 - Software Supply Chain Failures', 'Hrefs': 'https://owasp.org/Top10/2025/A03_2025-Software_Supply_Chain_Failures/'}","{'Title': 'A04:2025 - Cryptographic Failures', 'Hrefs': 'https://owasp.org/Top10/2025/A04_2025-Cryptographic_Failures/'}","{'Title': 'A05:2025 - Injection', 'Hrefs': 'https://owasp.org/Top10/2025/A05_2025-Injection/'}","{'Title': 'A06:2025 - Insecure Design', 'Hrefs': 'https://owasp.org/Top10/2025/A06_2025-Insecure_Design/'}","{'Title': 'A07:2025 - Authentication Failures', 'Hrefs': 'https://owasp.org/Top10/2025/A07_2025-Authentication_Failures/'}","{'Title': 'A08:2025 - Software or Data Integrity Failures', 'Hrefs': 'https://owasp.org/Top10/2025/A08_2025-Software_or_Data_Integrity_Failures/'}","{'Title': 'A09:2025 - Security Logging and Alerting Failures', 'Hrefs': 'https://owasp.org/Top10/2025/A09_2025-Security_Logging_and_Alerting_Failures/'}"
"{'Title': 'A01:2025 - Broken Access Control', 'Hrefs': 'https://owasp.org/Top10/2025/A01_2025-Broken_Access_Control/'}","{'Title': 'A02:2025 - Security Misconfiguration', 'Hrefs': 'https://owasp.org/Top10/2025/A02_2025-Security_Misconfiguration/'}","{'Title': 'A03:2025 - Software Supply Chain Failures', 'Hrefs': 'https://owasp.org/Top10/2025/A03_2025-Software_Supply_Chain_Failures/'}","{'Title': 'A04:2025 - Cryptographic Failures', 'Hrefs': 'https://owasp.org/Top10/2025/A04_2025-Cryptographic_Failures/'}","{'Title': 'A05:2025 - Injection', 'Hrefs': 'https://owasp.org/Top10/2025/A05_2025-Injection/'}","{'Title': 'A06:2025 - Insecure Design', 'Hrefs': 'https://owasp.org/Top10/2025/A06_2025-Insecure_Design/'}","{'Title': 'A07:2025 - Authentication Failures', 'Hrefs': 'https://owasp.org/Top10/2025/A07_2025-Authentication_Failures/'}","{'Title': 'A08:2025 - Software or Data Integrity Failures', 'Hrefs': 'https://owasp.org/Top10/2025/A08_2025-Software_or_Data_Integrity_Failures/'}","{'Title': 'A09:2025 - Security Logging and Alerting Failures', 'Hrefs': 'https://owasp.org/Top10/2025/A09_2025-Security_Logging_and_Alerting_Failures/'}","{'Title': 'A10:2025 - Mishandling of Exceptional Conditions', 'Hrefs': 'https://owasp.org/Top10/2025/A10_2025-Mishandling_of_Exceptional_Conditions/'}"
